Autos y Carros Nuevos y Usados,864
Rentas y Alquileres,344
Empleos y Trabajos,174
Abogados y Servicios Legales,22
Préstamos,122
Casas de Venta,6
"Fiestas, Quinceañeras y Bodas",55
"Educación, Cursos y Clases",17
Compra y Venta General,62
Música para Fiestas,32
Seguros,18
Servicio Automotriz,86
Honda,25
Ford Dealer,66
Nissan Dealer,65
Toyota,18
Subastas de Autos,0
Apartamento para rentar,325
Casa para rentar,4
Cuarto para rentar,7
Condo para rentar,0
Oficinas Para Alquilar,0
Limpieza,35
Choferes y Troqueros,4
Cuidado de Niños,14
Oficina,2
Hoteles,0
Abogados de Accidentes,5
Abogados de Inmigración,2
Abogados Casos Criminales,4
Abogados de Seguro Social,6
Abogados de Casos Familiares,2
Préstamos Personales,83
Préstamos para Autos,30
Préstamos para Negocios,3
Refinanciamientos,0
Préstamos para Casas,1
Venta de Casas,4
Venta de Casas Móviles,0
Venta de Terrenos,1
Agentes,1
Casas Reposeidas,0
Jumpers,14
Fotos y Video,13
Comida,2
Decoraciones,2
Vestidos y Tux,3
Inglés y ESL,0
Clases por Internet,3
Cosmetología,0
High School GED,1
Escuelas Técnicas,0
Ropa,16
Mayoreo,19
Fórmula de Bebe,0
Muebles de Casa,3
Electrodomésticos,1
"Banda, Conjunto y Grupos",15
DJs Para Fiestas,3
Mariachis y Tríos,2
Otras Músicas para Fiestas,3
Tamborazo y Norteño,9
Seguros de Auto,14
Seguros de Motocicleta,0
Seguros de Salud,0
Seguros de Vida,0
Seguros de Casa,1
Legalización de Autos a México,83
Autos Para Junk,0
Cambio de Aceite,3
Transmisiones,0
Grúas de Auto,0
