Empleos y Trabajos,77
Autos y Carros Nuevos y Usados,35
Compra y Venta General,86
"Fiestas, Quinceañeras y Bodas",9
Telecom y Servicio Digital,13
Mascotas y Perros,25
Belleza,3
Préstamos,28
Rentas y Alquileres,57
Abogados y Servicios Legales,10
Casas de Venta,6
Seguros,0
Hoteles,1
Choferes y Troqueros,2
Limpieza,5
Oficina,0
Meseros y Cocineros,0
Toyota,3
Ford,1
Honda,10
Chevrolet,2
Subastas de Autos,0
Ropa,38
Mayoreo,39
Joyas,0
Electrodomésticos,1
Colchones,1
Decoraciones,0
Comida,0
Jumpers y Brincolines,7
Salones de Fiestas,0
Fotos y Video,0
"Satélite, Cable y Dish",5
Celulares,1
Servicio de Internet,0
Teléfonos,1
Sistemas de Seguridad,0
Perritos y Cachorros,20
Adopción de Animales,0
Pájaros y Otras Aves,0
Gatos,0
Veterinarios,3
Cómo Bajar de Peso,0
Productos de Belleza,1
Maquillaje Permanente,0
Cirugía Plástica,1
Uñas Acrílicas,0
Préstamos Personales,17
Préstamos para Casas,0
Modificación de Préstamos,0
Préstamos para Autos,4
Préstamos para Negocios,6
Casas,2
Apartamentos,36
Cuartos,12
Townhouse-Condominos,0
Oficinas Para Aquilar,1
Abogados de Accidentes,0
Abogados Casos Criminales,0
Desalojos,0
Abogados de Inmigración,1
Abogados de Casos Civiles,1
Venta de Casas,3
Venta de Terrenos,1
Casas Reposeidas,0
Agentes de Bienes Raices,0
Inspectores de Casas,0
Seguros de Auto,0
Seguros de Salud,0
Seguros de Vida,0
Seguros de Motocicleta,0
Seguros de Casa,0
