Autos y Trucks,2064
Empleos y Trabajos,128
Rentas y Alquileres,956
Belleza,11
"Fiestas, Quinceañeras y Bodas",32
"Educación, Cursos y Clases Por Internet",4
Compra y Venta General,97
Préstamos,66
Abogados Y Servicios Legal,14
Telecom y Equipo Digital,17
Servicio Automotriz,25
Seguros,4
Ford Dealer,306
Chevrolet,9
Toyota Dealer,106
Honda Carros en Venta,25
Subastas de Autos,0
Limpieza,20
Choferes y Troqueros,2
Cuidado de Niños,13
Carpinteros y Construcción,9
Meseros y Cocineros,12
Apartamentos,925
Casas,2
Cuartos,17
Townhouse-Condominos,0
Oficinas Para Aquilar,1
Cirugía Plástica,1
Productos de Belleza,2
Productos para Bajar de Peso,2
Otros Servicios de Belleza,1
Cirugía Láser,0
Jumpers y Brincolines,10
Decoraciones,1
Limosinas,1
Fotos y Video,3
Salones Para Fiestas,1
Clases por Internet,0
Cosmetología,0
Escuelas Técnicas,0
High School GED,0
Truck Driving School,0
Mayoreo,30
Ropa,41
Electrodomésticos,2
Colchones,0
Muebles de Casa,8
Préstamos Personales,60
Préstamos para Casas,1
Préstamos para Autos,0
Refinanciamientos,1
Préstamos para Negocios,4
Abogados de Accidentes,0
Abogados de Seguro Social,5
Abogados Casos Criminales,2
Abogados de Inmigración,1
Desalojos,0
Celulares,2
Computadoras,3
Diseño Web,3
Satélite y Cable,2
Sistemas de Seguridad,3
Autos Para Junk,0
Grúas de Auto,0
Legalización de Autos a México,14
Transmisiones,1
Reparación de Autos,5
Seguros de Auto,1
Seguros de Casa,0
Seguros de Salud,0
Seguros de Vida,0
Seguros de Motocicleta,0
