Autos y Trucks Nuevos y Usados,4294
Empleos,650
Abogados y Servicios Legales,16
Rentas,456
Telecom y Equipo Digital,60
Belleza,34
Casas de Venta,34
"Educación, Cursos y Clases",38
"Fiestas, Quinceañeras y Bodas",101
Servicios del Hogar,156
Préstamos,47
Compra y Venta General,467
Toyota Dealer,350
Ford Carros en Venta,39
Honda En Venta,22
Nissan Autos en Venta,16
Dealers de Autos,11
Limpieza,86
Choferes y Troqueros,37
Cuidado de Niños,74
Oficina,19
Meseros y Cocineros,12
Abogados de Inmigración,4
Abogados de Accidentes,1
Abogados Casos Criminales,0
Desalojos,0
Bancarrota,0
Casas,3
Apartamentos,391
Cuartos,43
Casas Móviles,0
Townhouse-Condominos,0
Celulares y Smartphones,5
Satélite y Cable,35
Computadoras,5
Servicio de Internet,4
Sistemas de Seguridad,1
Cómo Bajar de Peso,6
Productos de Belleza,8
Salones de Belleza,9
Maquillaje Permanente,1
Cirugía Plástica,0
Venta de Casas,8
Venta de Terrenos,4
Venta de Casas Móviles,3
Casas Reposeidas,0
Agentes,17
Clases por Internet,3
Baile,6
Inglés y ESL,1
High School GED,0
Escuelas de Tráfico,0
Payasos,8
Jumpers,21
Decoraciones,5
Salones de Fiestas,20
Fotos y Video,15
Servicios de Limpieza,44
Mudanzas,5
Electricidad,9
Ventanas y Puertas,0
Aire Acondicionado,1
Préstamos Personales,37
Préstamos para Negocios,4
Préstamos para Casas,0
Modificación de Préstamos,0
Préstamos para Autos,0
Mayoreo,153
Ropa,152
Muebles de Casa,31
Compro Oro,0
Colchones,1
