Autos y Trucks,505
Empleos y Trabajos,87
Compra y Venta General,41
"Educación, Cursos y Clases",3
Telecom y Servicio Digital,10
Rentas y Alquileres,428
Seguros,5
"Fiestas, Quinceañeras y Bodas",7
Abogados y Servicios Legales,9
Préstamos,25
Casas de Venta,3
Servicios del Hogar,19
Toyota,4
Ford,3
Honda,5
Chevrolet,4
Subastas de Autos,0
Limpieza,16
Choferes y Troqueros,1
Cuidado de Niños,8
Oficina,1
Meseros y Cocineros,1
Ropa,17
Colchones,0
Muebles de Casa,0
Mayoreo,16
Joyas,0
Clases de Masaje,0
High School GED,0
Cosmetología,0
Escuelas Técnicas,0
Inglés y ESL,0
Celulares,0
"Satélite, Cable y Dish",5
Servicio de Internet,0
Computadoras,0
Sistemas de Seguridad,0
Apartamentos,425
Casas,1
Casas Móviles,0
Cuartos,0
Edificios y Oficinas,0
Seguros de Auto,0
Seguros de Salud,0
Seguros de Vida,1
Seguros de Casa,0
Seguros de Motocicleta,0
Jumpers y Brincolines,3
Salones de Fiestas,0
Decoraciones,0
Limosinas,0
Recuerdos,0
Abogados de Inmigración,2
Abogados Casos Criminales,0
Abogados de Accidentes,0
Desalojos,0
Abogados Social Security,6
Préstamos para Negocios,0
Préstamos para Autos,0
Préstamos Personales,24
Préstamos para Casas,0
Refinanciamientos,0
Venta de Casas,2
Town House o Condominios,0
Venta de Casas Móviles,0
Venta de Terrenos,1
Casas Reposeidas,0
Servicios de Limpieza,7
Plomería,0
Mudanzas,0
Aire Acondicionado,0
Jardinería,0
