Empleos y Trabajos,204
Autos y Carros Nuevos y Usados,4328
Mascotas y Perros,62
Rentas y Alquileres,357
Casas de Venta,28
Servicios del Hogar,25
Compra y Venta General,71
Belleza,13
"Fiestas, Quinceañeras y Bodas",28
Seguros,4
Telecom y Servicio Digital,21
Abogados y Servicios Legales,10
Limpieza,25
Marketing y Relaciones Públicas,9
Choferes y Troqueros,12
Meseros y Cocineros,2
Bodegas y Warehouse,1
Ford,7
Honda,19
Dodge,5
Toyota,28
Subastas de Autos,0
Perritos y Cachorros,54
Adopción de Animales,1
Pájaros y Otras Aves,0
Caballos,0
Veterinarios,3
Casas Para Aquilar,9
Apartamentos,312
Townhouse-Condominos,0
Cuartos,28
Oficinas Para Aquilar,4
Venta de Casas,12
Venta de Terrenos,2
Agentes,2
Venta de Casas Móviles,4
Casas en Foreclosure,0
Servicios de Limpieza,9
Construcción y Remodelacion,3
Plomería,1
Aire Acondicionado,0
Fumigación,0
Ropa,22
Mayoreo,28
Electrodomésticos,0
Colchones,1
Compro Oro,0
Cómo Bajar de Peso,4
Productos de Belleza,2
Salones de Belleza,4
Cirugía Plástica,0
Cirugía Láser,0
Decoraciones,4
Jumpers,5
Comida,1
Fotos y Video,4
Limosinas,0
Seguros de Auto,2
Seguros de Salud,0
Seguros de Motocicleta,0
Seguros de Vida,0
Seguros de Casa,0
"Satélite, Cable y Dish",9
Teléfonos,2
Sistemas de Seguridad,1
Celulares,2
Servicio de Internet,1
Abogados de Inmigración,1
Abogados de Accidentes,0
Abogados Casos Criminales,0
Desalojos,0
Bancarrota,0
