Autos y Trucks,2112
Empleos y Trabajos,63
Servicios Legales e Inmigración,7
"Educación, Cursos y Clases",2
Casas de Venta,5
Compra y Venta General,46
"Fiestas, Quinceañeras y Bodas",6
Dentistas,0
Servicios del Hogar,15
Telecom y Equipo Digital,9
Servicio Automotriz,13
Servicios de Transporte,15
Subastas de Autos,0
Dealers de Autos,0
Nissan Dealer,589
Toyota Dealer,86
Honda,2
Limpieza de Casa o Oficina,12
Carpinteros y Construcción,0
Cuidado de Niños,2
Choferes y Troqueros,0
Guardias,0
Abogados de Accidentes,1
Abogados de Seguro Social,6
Abogados de Casos Criminales,0
Abogados de Inmigración,0
Abogados de Casos Familiares,0
Career Colleges,0
Clases por Internet,0
Clases de Masaje,0
Escuelas Técnicas,0
Inglés y ESL,0
Servicios de Termitas,0
Venta de Casas Móviles,2
Venta de Terrenos,0
Inspectores de Casas,0
Venta de Casas,3
Mayoreo,7
Artículos Deportivos,0
Electrodomésticos,0
Muebles de Casa,5
Ropa en venta,22
Decoraciones para fiestas,1
Fotos y Video para fiestas,0
Jumpers y Brincolines,1
Salones de Fiestas,1
Comida Para Fiestas,0
Blanqueo de Dientes,0
Dentistas Generales,0
Dentistas para Niños,0
Ortodoncia,0
Construcción y Remodelaciones,1
Fumigación,1
Plomería,1
Servicios de Limpieza,0
"Alfombras, Pisos y Cortinas: Limpieza",1
Satélite y Cable,4
Celulares,1
Sistemas de Seguridad,0
Servicio de Internet,0
Reparaciones Teléfono y Computadoras,0
Autos Para Junk,0
Grúas de Auto,0
Legalización de Autos a México,7
Transmisiones,1
Reparación de Camiones,0
Envíos,4
Otros Servicios de Transporte,9
Shuttles y Taxis,2
Troqueros Independientes,0
