Empleos Y Trabajos,182
Carros y Camionetas,1087
Compra y Venta General,37
Rentas y Alquileres,505
"Educación, Cursos y Clases Por Internet",7
"Fiestas, Quinceañeras y Bodas",16
Seguros,4
Abogados y Servicios Legales,9
Mascotas,47
Préstamos,22
Casas de Venta,4
Servicios del Hogar,12
Limpieza,27
Carpinteros y Construcción,4
Choferes y Troqueros,3
Cuidado de Niños,8
Hoteles,1
Chevrolet en Venta,4
Ford en Venta,2
Honda,16
Donaciones de Autos,0
Toyota,22
Mayoreo,16
Colchones,0
Cosas Gratis o Intercambio,0
Electrodomésticos,3
Ropa en Venta,2
Casas Para Alquilar,7
Apartamentos,496
Cuartos Para Alquilar,0
Casas Móviles,0
Edificios y Oficinas,0
"Clases de Baile, Zumba y Salsa",2
Clases de Masaje,0
Clases por Internet,1
Escuelas Técnicas,0
High School GED,0
Jumpers y Brincolines,6
Comida Para Fiestas,0
Fotos y Video,3
Limosinas Para Fiestas,0
Salones Para Fiestas,0
Seguros de Auto,0
Seguros de Casa,0
Seguros de Salud,0
Seguros de Vida,0
Seguros de Motocicleta,0
Abogado para Inquilinos,0
Abogados de Accidentes,0
Abogados de Casos Civiles,0
Abogados de Casos Criminales,1
Abogados de Inmigración,0
Adopción de Animales,0
Cuidado de Animales,1
Perros y Cachorros,43
Pájaros y otras Aves,0
Veterinarios,2
Préstamos Personales,22
Préstamos para Negocios,0
Préstamos para Autos,0
Refinanciamientos,0
Préstamos para Casas,0
Venta de Casas,2
Venta de Casas Móviles,0
Venta de Apartamentos,0
Venta de Terrenos,2
Agentes de Bienes Raices,0
Servicios de Limpieza,1
Fumigación,0
Plomería,0
Aire Acondicionado,0
Limpieza: Alfombra y Piso,0
