Autos y Carros Nuevos y Usados,961
Empleos y Trabajos,617
Abogados y Servicios Legales,953
Préstamos,189
"Educación, Cursos y Clases",45
Rentas y Alquileres,181
Seguros,46
"Fiestas, Quinceañeras y Bodas",1092
Música para Fiestas,617
Casas de Venta,133
Compra y Venta General,146
Telecom y Equipo Digital,277
Subastas de Autos,5
Toyota Carros en Venta,55
Ford Dealer,79
Honda Dealer,53
Donaciones de Autos,0
Limpieza,44
Cuidado de Niños,19
Choferes y Troqueros,38
Meseros y Cocineros,35
Mecánica de Autos,6
Abogados de Accidentes,194
Abogado de Seguro Social,4
Abogados de Inmigración,67
Abogados Casos Criminales,94
Bancarrota,28
Préstamos Personales,106
Préstamos para Autos,68
Préstamos para Negocios,3
Consolidación de Deudas,0
Préstamos para Casas,5
Escuelas Técnicas,4
Cosmetología,8
Clases de Masaje,0
Career Colleges,2
Inglés y ESL,0
Apartamentos,52
Casa Para Rentar,40
Cuarto Para Rentar,53
Townhouse-Condo,4
Oficinas Para Aquilar,3
Seguros de Auto,39
Seguros de Vida,1
Seguros de Salud,3
Seguros de Casa,2
Seguros de Rentas,0
Salones de Fiestas,510
Jumpers Y Brincolines,227
Fotos y Video,54
Limosinas,45
Comida para Fiestas,78
"Banda, Conjunto y Grupos",253
DJs,90
Mariachis y Tríos,81
Otras Músicas para Fiestas,42
Tamborazo y Norteño,151
Venta de Casas,50
Servicios de Termitas,0
Venta de Casas Móviles,17
Casas Reposeidas,13
Venta de Terrenos,1
Mayoreo,14
Muebles de Casa,43
Muebles de Oficina,1
Muebles de Patio,1
Compro Oro,1
"Satélite, Cable y Dish",170
Sistemas de Seguridad,4
Servicio de Internet,29
Teléfonos,8
Celulares,3
