Autos y Trucks Nuevos y Usados,641
Abogados y Servicios de Inmigración,341
Préstamos,122
Oportunidad de Empleo,203
Seguros,46
"Educación, Cursos y Clases Por Internet",22
"Fiestas, Quinceañeras y Bodas",257
Música para Fiestas,471
Telecom y Equipo Digital,222
Rentas,153
Casas de Venta,157
Servicios del Hogar,252
Chevrolet Dealer,46
Toyota en Venta,23
Toyota Dealer,36
Ford,33
Subastas de Autos,3
Abogados de Inmigración,26
Abogados de Accidentes,127
Abogados Casos Criminales,16
Abogados de Social Security,2
Abogados de Casos Familiares,19
Préstamos Personales,77
Préstamos para Autos,24
Préstamos para Casas,5
Préstamos para Negocios,4
Refinanciamientos,8
Limpieza,12
Cuidado de Niños,9
Barberos y Cosmetólogas,5
Carpinteros y Construcción,5
Mecánica de Autos,7
Seguros de Auto,35
Seguros de Casa,4
Seguros de Salud,2
Seguros de Vida,1
Seguros de Rentas,0
Manejo,2
Escuelas Técnicas,3
Truck Driving School,4
Career Colleges,2
Inglés y ESL,1
Jumpers y Brincolines,58
Comida Para Fiestas,72
Fotos y Video Para Fiestas,35
Limosinas,7
Salones Para Fiestas,29
"Banda, Conjunto y Grupos",174
Tamborazo y Norteño,173
Mariachis y Tríos,60
DJs,38
Otras Músicas para Fiestas,26
"Satélite, Cable y Dish",175
Celulares,1
Servicio de Internet,16
Computadoras,3
Sistemas de Seguridad,2
Casas en Renta,55
Apartamentos,58
Cuartos,27
Alquiler de Edificio,1
Casas Móviles,4
Venta de Casas,73
Servicios de Termitas,0
Venta de Casas Móviles,30
Town House o Condominios,10
Ventas Comerciales,0
Fumigación,8
Plomería,26
Aire Acondicionado,20
Servicios de Limpieza,11
Electricidad,10
