Autos y Carros Nuevos y Usados,339
Empleos Y Trabajos,192
"Fiestas, Quinceañeras y Bodas",298
Música para Fiestas,529
Préstamos,183
Rentas,131
Compra y Venta General,56
"Educación, Cursos y Clases",15
Abogados y Servicios Legales,434
Telecom y Equipo Digital,201
Servicios del Hogar,210
Servicio Automotriz,90
Chevrolet Dealer,3
Nissan,38
Ford,39
Toyota Dealer,0
Subastas de Autos,3
Limpieza,15
Carpinteros y Construcción,9
Cuidado de Niños,4
Meseros y Cocineros,3
Trabajos en Hoteles,2
Salones Para Fiestas,56
Comida Para Fiestas,45
Fotos y Video,34
Jumpers Y Brincolines,72
Limosinas,7
"Banda, Conjunto y Grupos",224
Tamborazo y Norteño,185
Mariachis y Tríos,57
Otras Músicas para Fiestas,34
DJs,29
Préstamos Personales,95
Préstamos para Autos,74
Préstamos para Casas,3
Refinanciamientos,3
Préstamos para Negocios,1
Apartamentos,55
Casas Para Alquilar,48
Casas Móviles,0
Cuartos,24
Edificios y Oficinas,1
Muebles de Casa,11
Muebles de Oficina,1
Mayoreo,8
Ropa,2
Otras Mercancías,10
High School GED,0
Inglés y ESL,0
Clases por Internet,0
Escuelas Técnicas,3
Truck Driving School,3
Abogados de Accidentes,149
Abogados de Casos Civiles,13
Abogados de Casos Criminales,26
Abogados de Inmigración,24
Abogados de Social Security y Disability,3
Celulares,3
"Satélite, Cable Y Dish",149
Servicio de Internet,13
Sistemas de Seguridad,1
Computadoras,4
Aire Acondicionado,22
"Alfombras, Pisos y Cortinas",22
Fumigación,7
Limpieza de Albercas,1
Servicios de Limpieza,6
Autos Para Junk,17
Legalización de Autos a México,10
Mufflers y Radiadores,2
Reparación de Autos,30
Transmisiones,7
