Empleos,115
Autos y Camionetas,27
Rentas y Arriendos,25
Compra y Venta General,27
"Educación, Cursos y Clases",8
"Fiestas, Quinceañeras y Bodas",11
Productos y Servicios de Belleza,19
Telecom y Equipo Digital,14
Oportunidad de Negocios,16
Préstamos,19
Abogados y Servicios Legales,13
Casas de Venta,3
Limpieza,9
Cuidado de Niños,7
Carpinteros y Construcción,4
Trabajos en Hoteles,0
Meseros y Cocineros,5
Subasta de carros,0
Chevrolet,0
Ford,4
Donaciones de Autos,0
Honda,6
Apartamentos,4
Cuartos Para Alquilar,9
Cuarto para compartir,0
Townhouse-Condominos,0
Casas Móviles Para Alquilar,0
Compro Oro,0
Electrodomésticos,1
Mayoreo,19
Joyas,1
Ropa en venta,2
"Clases de Baile, Zumba y Salsa",0
Clases de Masaje,0
Escuelas Técnicas,0
Inglés y ESL,1
Truck Driving School,0
Jumpers Y Brincolines,3
Comida Para Fiestas,0
Salones Para Fiestas,0
Limosinas Para Fiestas,0
Fotos y Video Para Fiestas,2
Cirugía Plástica,0
Productos para Bajar de Peso,3
Productos de Belleza,4
Spas y Faciales,1
Otros Servicios de Belleza,0
Celulares,0
Computadoras,0
Diseño Web,2
Satélite y Cable,8
Sistemas de Seguridad,2
Compra Venta de Negocios,10
Inversiones y Socios,2
Maquinaria y Equipos,1
Servicios para Negocios,3
Préstamos Personales,16
Refinanciamientos,0
Préstamos para Autos,1
Préstamos para Casas,0
Préstamos para Negocios,2
Abogado para Inquilinos,0
Abogados de Accidentes,0
Abogados de Casos Criminales,0
Abogados de Casos Familiares,0
Abogados de Inmigración,0
Venta de Casas,3
Venta de Casas Móviles,0
Servicios de Termitas,0
Casas en Foreclosure,0
Venta de Terrenos,0
