Autos y Trucks,61
Empleos,63
Compra y Venta General,36
"Fiestas, Quinceañeras y Bodas",56
Telecom y Equipo Digital,68
Préstamos,61
Casas de Venta,4
Abogados y Servicios Legales,27
"Educación, Cursos y Clases",12
Servicios del Hogar,15
Música para Fiestas,256
Servicio Automotriz,90
Subastas de Autos,3
Toyota,11
Chevrolet,4
Ford,3
Honda,15
Choferes y Troqueros,3
Cuidado de Niños,1
Guardias,0
Hoteles,1
Limpieza,2
Muebles de Casa,2
Mayoreo,13
Muebles de Oficina,1
Fórmula de Bebe,1
Electrodomésticos,0
Comida Para Fiestas,4
Jumpers y Brincolines,8
Fotos y Video,33
Salones Para Fiestas,0
Limosinas,1
Celulares y Smartphones,2
"Satélite, Cable y Dish",41
Servicio de Internet,14
Teléfonos,0
Sistemas de Seguridad,0
Préstamos Personales,38
Préstamos para Autos,21
Préstamos para Casas,0
Modificación de Préstamos,0
Préstamos para Negocios,2
Venta de Terrenos,0
Ventas Comerciales,0
Agentes,0
Venta de Casas,4
Venta de Casas Móviles,0
Abogados de Accidentes,19
Abogados de Inmigración,1
Abogados Casos Criminales,1
Abogado para Inquilinos,2
Abogados de Seguro Social,1
Cosmetología,1
Clases por Internet,0
Career Colleges,2
Inglés y ESL,0
High School GED,0
Construcción y Remodelacion,1
Plomería,2
Aire Acondicionado,0
Fumigación,1
Limpieza de Albercas,0
"Banda, Conjunto y Grupos",143
DJs  Para Fiestas,8
Mariachis y Tríos,5
Otras Músicas para Fiestas,4
Tamborazo y Norteño,96
Autos Para Junk,10
Legalización de Autos a México,68
Grúas de Auto,1
Transmisiones,0
Reparación de Autos,2
