Autos y Carros Nuevos y Usados,345
Abogados y Servicios Legales,51
"Fiestas, Quinceañeras y Bodas",67
Empleos y Trabajos,101
Telecom y Servicio Digital,72
Compra y Venta General,50
Seguros,15
Préstamos,87
Rentas y Alquileres,25
Servicio Automotriz,30
Casas de Venta,31
Servicios del Hogar,26
Subastas de Autos,4
Ford Dealer,28
Honda,15
Toyota Dealer,27
Donaciones de Autos,0
Abogados de Accidentes,22
Abogados de Inmigración,3
Abogados Casos Criminales,3
Abogados de Seguro Social,5
Abogados de Casos Civiles,2
Fotos y Video,4
Jumpers y Brincolines,17
Decoraciones,4
Limosinas,0
Comida,6
Limpieza,8
Cuidado de Niños,9
Hoteles,1
Choferes y Troqueros,7
Mecánica de Autos,0
"Satélite, Cable y Dish",55
Celulares,1
Servicio de Internet,5
Teléfonos,0
Sistemas de Seguridad,1
Mayoreo,25
Muebles de Casa,2
Ropa,3
Compro Oro,1
Electrodomésticos,1
Seguros de Auto,14
Seguros de Salud,1
Seguros de Casa,0
Seguros de Vida,0
Seguros de Motocicleta,0
Préstamos Personales,60
Préstamos para Negocios,2
Consolidación de Deudas,0
Préstamos para Casas,1
Préstamos para Autos,22
Casas,1
Apartamentos,22
Cuartos,0
Casas Móviles,0
Compartir Cuartos,0
Transmisiones,3
Reparación de Autos,10
Grúas de Auto,0
Autos Para Junk,1
Pintura y Body Shop,2
Venta de Casas,9
Venta de Terrenos,1
Venta de Casas Móviles,1
Casas Reposeidas,0
Inspectores de Casas,0
Plomería,4
Carpintería y Gabinetes,0
Mudanzas,1
Electricidad,0
Pintura,1
