Autos y Carros Nuevos y Usados,123
Empleos y Trabajos,172
Rentas y Alquileres,98
"Fiestas, Quinceañeras y Bodas",109
Compra y Venta General,118
Servicios del Hogar,38
Música para Fiestas,152
Casas de Venta,24
Abogados y Servicios Legales,50
Partes y Accesorios de Autos,12
Préstamos,99
Seguros,37
Subastas de Autos,7
Honda,21
Toyota,15
Chevrolet,17
Ford,9
Toyota Dealer,0
Limpieza,9
Choferes y Troqueros,19
Cuidado de Niños,7
Oficina,1
Meseros y Cocineros,1
Apartamentos,85
Casas Móviles,0
Casas,8
Cuarto Para Rentar,3
Oficina Para Rentar,0
Jumpers,42
Fotos y Video,22
Comida,6
Limosinas,1
Salones de Fiestas,11
Mayoreo,57
Ropa,15
Fórmula de Bebe,3
Electrodomésticos,3
Compro Oro,0
Plomería,3
Aire Acondicionado,0
Mudanzas,2
Electricidad,1
Fumigación,0
"Banda, Conjunto y Grupos",85
Tamborazo y Norteño,57
Otras Músicas para Fiestas,5
DJs,4
Mariachis y Tríos,1
Venta de Casas,8
Venta de Casas Móviles,0
Agentes,14
Casas Reposeidas,0
Venta de Terrenos,1
Abogados de Accidentes,22
Abogados de Inmigración,9
Bancarrota,0
Abogados Casos Criminales,2
Divorcios,1
Motores y Transmisiones,5
Vidrios para Carros,2
Partes Interiores,1
Rines y Llantas,3
Estéreos y Sonido,1
Préstamos Personales,57
Préstamos para Negocios,1
Préstamos para Autos,40
Refinanciamientos,0
Préstamos para Casas,1
Seguros de Auto,27
Seguros de Casa,3
Seguros de Salud,2
Seguros de Vida,1
Seguros de Motocicleta,0
