Venta de Autos y Partes,""
Empleos y Educación,""
Bienes Raices,""
Salud y Belleza,""
Servicios,""
Fiestas,""
En Venta,""
Comunidad,""
Adultos,""
Autos y Trucks,10
Partes y Accesorios de Autos,3
Motocicletas y Partes,0
"Lanchas, Botes y Partes",0
Empleos,51
"Educación, Cursos y Clases",0
Casas de Venta,2
Rentas,6
Propiedades Otros Países,1
Belleza,0
Dentistas,0
Salud,5
Servicio Automotriz,12
Servicios del Hogar,12
Servicios Legales e Inmigración,6
Servicios Profesionales,0
Servicios de Transporte,1
Servicios Generales,6
Servicios Funerarios,0
Telecom y Equipo Digital,15
Seguros,0
Préstamos,10
Oportunidad de Negocios,2
"Fiestas, Quinceañeras y Bodas",8
Música para Fiestas,2
Dedicatorias,0
Compra y Venta General,9
Mascotas,21
Música y Equipo,0
Agricultura,0
Eventos,2
Viajes y Vacaciones,0
Tiempo Libre,0
Para Adultos,0
Personales,0
Consejos Espirituales,0
