Autos y Carros Nuevos y Usados,25
"Fiestas, Quinceañeras y Bodas",29
Empleos y Trabajos,40
Rentas y Alquileres,18
Abogados y Servicios Legales,76
"Educación, Cursos y Clases",5
Telecom y Equipo Digital,39
Belleza,5
Música para Fiestas,69
Préstamos,55
Casas de Venta,5
Servicio Automotriz,15
Toyota,3
Honda,1
Donaciones de Autos,0
Chevrolet,8
Subastas de Autos,0
Jumpers y Brincolines,2
Salones de Fiestas,3
Decoraciones,1
Fotos y Video,11
Comida para Fiestas,3
Limpieza,2
Choferes y Troqueros,1
Bodegas y Warehouse,8
Hoteles,0
Meseros y Cocineros,2
Apartamentos,15
Casas,3
Cuartos,0
Casas Móviles,0
Oficinas Para Aquilar,0
Abogados de Accidentes,62
Abogados Casos Criminales,1
Adopciones,0
Abogados de Inmigración,1
Abogado de Seguro Social,6
Career Colleges,2
High School GED,0
Cosmetología,0
Truck Driving School,2
Inglés y ESL,0
"Satélite, Cable y Dish",22
Servicio de Internet,5
Teléfonos,1
Sistemas de Seguridad,0
Celulares,1
Cómo Bajar de Peso,0
Salones de Belleza,1
Productos de Belleza,0
Cirugía Plástica,1
Uñas Acrílicas,0
Tamborazo y Norteño,31
"Banda, Conjunto y Grupos",30
DJs,4
Mariachis y Tríos,3
Otras Músicas para Fiestas,1
Préstamos Personales,27
Préstamos para Autos,22
Modificación de Préstamos,0
Refinanciamientos,5
Préstamos para Casas,0
Venta de Casas,1
Venta de Casas Móviles,4
Venta de Terrenos,0
Agentes,0
Casas Reposeidas,0
Autos Para Junk,0
Legalización de Autos a México,9
Reparación de Camiones,0
Grúas de Auto,0
Transmisiones,0
