Empleos,692
Carros y Camionetas,55
Rentas y Alquileres,533
Préstamos,114
Abogados y Servicios Legales,25
Compra y Venta General,73
"Educación, Cursos y Clases",42
"Fiestas, Quinceañeras y Bodas",50
Seguros,4
Telecom y Equipo Digital,66
Servicios del Hogar,69
Oportunidad de Negocios,64
Limpieza,106
Choferes y Troqueros,12
Cuidado de Niños,55
Oficina,43
Meseros y Cocineros,29
Donaciones de Autos,0
Ford Carros y Trucks,3
Honda en Venta,18
Toyota En Venta,6
Subastas de Autos,0
Apartamentos,284
Cuartos Para Alquilar,193
Oficinas Para Aquilar,2
Townhouse-Condos,0
Cuartos Para Compartir,7
Préstamos Personales,94
Préstamos para Negocios,15
Refinanciamientos,0
Préstamos para Casas,1
Consolidación de Deudas,1
Abogados Casos Criminales,0
Abogados de Accidentes,4
Abogados de Inmigración,2
Abogado para Inquilinos,0
Abogados de Seguro Social,7
Mayoreo,24
Ropa,6
Muebles de Casa,4
Electrodomésticos,4
Compro Oro,0
Clases por Internet,2
Inglés y ESL,3
Computación,5
Escuelas Técnicas,5
High School GED,0
Salones de Fiestas,3
Comida Para Fiestas,9
Fotos y Video,7
Brincolines Para Fiestas,3
Vestidos y Tux,6
Seguros de Auto,2
Seguros de Salud,0
Seguros de Vida,0
Seguros de Rentas,1
Celulares,19
Satélite y Cable,9
Sistemas de Seguridad,2
Servicio de Internet,6
Diseño Web,12
Aire Acondicionado,0
"Alfombras, Pisos y Cortinas",2
Carpintería y Gabinetes,2
Mudanzas,4
Plomería,0
Compra Venta de Negocios,18
Inversiones y Socios,27
Maquinaria y Equipos,1
Servicios para Negocios,18
