Autos y Carros Nuevos y Usados,7218
Oportunidad de Empleo,3092
Rentas y Alquileres,2104
Préstamos,1392
"Satelite, Celulares, Y Digital",2363
"Educación, Cursos y Clases Por Internet",282
"Fiestas, Quinceañeras y Bodas",5262
Seguros,592
Casas de Venta,1402
Música para Fiestas,6183
Abogados y Servicios Legales,999
Compra y Venta General,10323
Carros Honda en venta,876
Carros Toyota en Venta,668
Subastas de Autos,30
Carros Ford en venta,597
Carros Usados Chevrolet,411
Limpieza,166
Choferes y Conductores,270
Meseros y Cocineros,184
Mecánica de Autos,68
Trabajos en Oficina,199
Apartamento en Renta,597
Casas Móviles,21
Casas Para Alquilar,412
Cuartos Para Alquilar,637
Oficina Para Alquilar,99
Préstamos para Autos,414
Préstamos Personales,547
Refinanciamientos,60
Préstamos para Casas,130
Préstamos para Negocios,79
Sistemas de Seguridad,106
Celulares,859
"Satélite, Cable Y Dish",568
Servicio de Internet,104
Computadoras,296
Clases por Internet,4
Cosmetología,24
Aprenda Inglés,9
Escuelas Técnicas,15
Clases de Masaje,5
Salones Para Fiestas,645
Jumpers Y Brincolines,1770
Comida Para Fiestas,749
Fotos y Video,319
Payasos Para Fiesta,504
Seguros de Auto,527
Seguros de Casa,26
Seguros de Salud,10
Seguros de Vida,7
Seguros de Rentas,2
Casas en Venta,736
Agentes de Bienes Raices,114
Venta de Casas Móviles,61
Venta de Terrenos,7
Servicios de Termitas,2
DJs Para Fiesta,1985
"Banda, Conjunto y Grupos",2339
Mariachis y Tríos,708
Otras Músicas para Fiestas,176
Tamborazo y Norteño,975
Abogados de Accidentes,49
Abogados Casos Criminales,27
Abogados de Seguro Social,2
Abogados de Inmigración,42
Abogados de Casos Civiles,274
Muebles de Casa,472
Muebles de Patio,3
Mayoreo,4999
Electrodomésticos,469
Ropa de venta,3215
