Empleos y Trabajos,73
Mascotas y Perros,24
Compra y Venta General,110
"Fiestas, Quinceañeras y Bodas",8
Préstamos,21
Abogados y Servicios Legales,13
Belleza,7
Rentas y Alquileres,203
Casas de Venta,4
Autos y Carros Nuevos y Usados,21
Servicios del Hogar,7
"Educación, Cursos y Clases",1
Limpieza,6
Choferes y Troqueros,0
Cuidado de Niños,1
Oficina,0
Meseros y Cocineros,0
Perros,22
Adopción de Animales,0
Pájaros y Otras Aves,0
Gatos,0
Veterinarios,1
Mayoreo,76
Ropa,26
Muebles para Niños,0
Joyas,0
Colchones,0
Decoraciones,2
Jumpers,3
Vestidos y Tux,0
Invitaciones,0
Salones de Fiestas,0
Préstamos Personales,18
Préstamos para Negocios,0
Refinanciamientos,0
Préstamos para Casas,2
Modificación de Préstamos,0
Abogados de Inmigración,0
Abogados Casos Criminales,0
Abogados de Accidentes,3
Desalojos,0
Abogado para Inquilinos,0
Cómo Bajar de Peso,4
Productos de Belleza,0
Uñas Acrílicas,0
Cirugía Plástica,0
Maquillaje Permanente,0
Casas,0
Apartamentos,202
Casas Móviles,0
Cuartos,0
Townhouse-Condominos,0
Venta de Casas,2
Venta de Terrenos,0
Venta de Casas Móviles,1
Agentes,0
Casas Reposeidas,0
Toyota,4
Honda,6
Ford,2
Dealers de Autos,0
Subastas de Autos,0
Servicios de Limpieza,3
"Alfombras, Pisos y Cortinas",2
Reparaciones en General,0
Aire Acondicionado,0
Fumigación,0
Clases por Internet,0
Inglés y ESL,0
Truck Driving School,0
Cosmetología,0
Computación,0
