Autos y Carros Nuevos y Usados,79
Abogados y Servicios Legales,9
Empleos y Trabajos,91
Compra y Venta General,15
Telecom y Servicio Digital,11
Rentas y Alquileres,331
"Fiestas, Quinceañeras y Bodas",3
Seguros,5
Casas de Venta,1
Servicios del Hogar,11
Belleza,9
Mascotas y Perros,33
Honda,2
Chevrolet Dealer,1
Subastas de Autos,0
Toyota,1
Ford Dealer,0
Abogados de Accidentes,1
Bancarrota,0
Abogados Casos Criminales,0
Abogados Casos Familiares,0
Abogados de Inmigración,0
Limpieza,13
Cuidado de Niños,5
Fábricas,1
Carpinteros y Construcción,3
Soldadores,1
Muebles de Casa,1
Ropa,0
Mayoreo,5
Electrodomésticos,0
Artículos Deportivos,0
Celulares,2
Servicio de Internet,0
"Satélite, Cable y Dish",3
Sistemas de Seguridad,1
Teléfonos,2
Casas,0
Apartamentos,326
Casas Móviles,0
Cuartos,3
Edificios y Oficinas,0
Salones de Fiestas,0
Decoraciones,0
Jumpers,2
Entretenimiento,0
Comida,0
Seguros de Salud,0
Seguros de Auto,0
Seguros de Vida,0
Seguros de Motocicleta,0
Seguros de Casa,0
Venta de Casas,0
Town House o Condominios,0
Venta de Casas Móviles,0
Ventas Comerciales,0
Casas Reposeidas,0
Plomería,0
Servicios de Limpieza,2
Fumigación,0
Mudanzas,0
Jardinería,1
Cirugía Plástica,0
Productos para Bajar de Peso,1
Cirugía Láser,0
Productos de Belleza,1
Maquillaje Permanente,0
Perritos y Cachorros,29
Adopción de Animales,0
Veterinarios,3
Caballos,0
Gatos,0
