Autos y Trucks Nuevos Y Usados,49
Empleos y Trabajos,54
Servicio Automotriz,22
"Educación, Cursos y Clases Por Internet",6
Telecom y Equipo Digital,75
Servicios del Hogar,18
Compra y Venta General,28
Préstamos,44
Abogados y Servicios Legales,77
"Fiestas, Quinceañeras y Bodas",39
Seguros,11
Rentas,9
Toyota Dealer,0
Chevrolet Dealer,0
Honda,4
Donaciones de Autos,0
Subastas de Autos,2
Bodegas y Warehouse,11
Carpinteros y Construcción,1
Choferes y Troqueros,3
Cuidado de Niños,1
Limpieza,5
Autos Para Junk,10
Legalización de Autos a México,6
Reparación de Camiones,0
Grúas de Auto,1
Transmisiones,0
Clases de Masaje,0
Cosmetología,1
Escuelas Técnicas,0
High School GED,0
Inglés y ESL,0
"Satélite, Cable y Dish",55
Servicio de Internet,6
Celulares y Smartphones,1
Computadoras,1
Sistemas de Seguridad,1
Servicios de Limpieza,0
Plomería,5
Aire Acondicionado,0
Fumigación,1
Mudanzas,1
Mayoreo,6
Muebles de Casa,3
Colchones,1
Electrodomésticos,0
Fórmula de Bebe,1
Préstamos Personales,26
Préstamos para Autos,18
Préstamos para Casas,0
Refinanciamientos,0
Préstamos para Negocios,0
Abogados de Inmigración,2
Abogados Casos Criminales,2
Abogados de Accidentes,64
Bancarrota,0
Abogados Casos Familiares,0
Jumpers Y Brincolines,2
Comida Para Fiestas,4
Decoraciones Para Fiestas,1
Fotos y Video,13
Salones Para Fiestas,0
Seguros de Salud,0
Seguros de Auto,11
Seguros de Casa,0
Seguros de Motocicleta,0
Seguros de Vida,0
Casas,2
Apartamentos,7
Casas Móviles,0
Cuartos,0
Edificios y Oficinas,0
