Autos y Carros Nuevos y Usados,150
Abogados y Servicios Legales,7
Compra y Venta General,13
Empleos y Trabajos,65
Préstamos,24
Mascotas y Perros,34
"Fiestas, Quinceañeras y Bodas",6
Rentas y Alquileres,622
Casas de Venta,2
Seguros,3
Servicios del Hogar,12
Telecom y Equipo Digital,9
Ford Dealer,49
Toyota,5
Chevrolet,2
Nissan Dealer,2
Subastas de Autos,0
Abogados de Accidentes,2
Abogados de Inmigración,0
Desalojos,0
Abogados Casos Criminales,0
Bancarrota,0
Mayoreo,7
Ropa,2
Muebles de Casa,0
Electrodomésticos,1
Colchones,0
Limpieza,10
Oficina,0
Choferes y Troqueros,2
Cuidado de Niños,5
Hoteles,0
Préstamos Personales,16
Préstamos para Negocios,0
Refinanciamientos,1
Préstamos para Casas,0
Consolidación de Deudas,1
Perritos y Cachorros,27
Adopción de Animales,2
Pájaros y Otras Aves,1
Gatos,0
Veterinarios,3
Decoraciones,1
Fotos y Video,0
Jumpers y Brincolines,1
Payasos,0
Limosinas,0
Casas,1
Casas Móviles,0
Apartamentos,619
Cuartos,2
Compartir Cuartos,0
Venta de Casas,2
Casas Reposeidas,0
Venta de Terrenos,0
Agentes de Bienes Raices,0
Venta de Casas Móviles,0
Seguros de Auto,0
Seguros de Salud,0
Seguros de Casa,0
Seguros de Motocicleta,0
Seguros de Vida,0
Servicios de Limpieza,4
Aire Acondicionado,0
Mudanzas,0
Construcción y Remodelacion,1
Fumigación,0
"Satélite, Cable y Dish",2
Celulares,4
Servicio de Internet,0
Teléfonos,0
Sistemas de Seguridad,0
