Alquileres,1189
Empleos Y Trabajos,1314
Carros y Camionetas,10050
"Fiestas, Quinceañeras y Bodas",225
"Educación, Cursos y Clases Por Internet",105
Casas de Venta,192
Abogados y Servicios Legales,61
Compra y Venta General,500
Telecom y Equipo Digital,837
Servicios del Hogar,414
Préstamos,218
Seguros,24
Apartamentos,880
Casas para Alquilar,46
Cuartos Para Compartir,21
Cuartos Para Rentar,173
Townhouse-Condominos,8
Limpieza,183
Cuidado de Niños,124
Carpinteros y Construcción,46
Choferes y Troqueros,77
Trabajos en Hoteles,6
Toyota,106
Chevrolet,30
Ford en Venta,31
Nissan,36
Subastas de Autos,3
Comida Para Fiestas,24
Fotos y Video,35
Jumpers Y Brincolines,16
Limosinas,0
Salones de Fiestas,16
Clases por Internet,7
Career Colleges,1
Escuelas Técnicas,2
Cosmetología,4
Truck Driving School,0
Venta de Casas,49
Venta de Apartamentos,49
Venta de Casas Móviles,23
Ventas Comerciales,19
Venta de Condominios,12
Abogados de Accidentes,0
Abogados de Social Security,7
Abogados de Casos Criminales,0
Desalojos,0
Abogados de Inmigración,2
Mayoreo,210
Ropa en venta,121
Electrodomésticos,19
Colchones,4
Artículos Deportivos,3
Celulares,43
"Satélite, Cable Y Dish",14
Reparaciones de Teléfono,7
Servicio de Internet,10
Sistemas de Seguridad,716
Servicios de Limpieza,85
Otros Servicios del Hogar,62
Construcción y Remodelaciones,42
Reparaciones en General,37
Plomería,33
Préstamos Personales,201
Préstamos para Negocios,11
Refinanciamientos,2
Préstamos para Casas,0
Préstamos para Autos,1
Seguros de Auto,4
Seguros de Casa,2
Seguros de Vida,1
Seguros de Salud,8
Seguros de Motocicleta,3
