Empleos y Trabajos,87
Autos y Trucks,5222
Compra y Venta General,101
Seguros,4
"Educación, Cursos y Clases",4
Préstamos,44
"Fiestas, Quinceañeras y Bodas",12
Abogados y Servicios Legales,8
Rentas y Alquileres,41
Telecom y Servicios Digital,21
Casas de Venta,4
Servicios del Hogar,11
Limpieza,20
Choferes y Troqueros,5
Meseros y Cocineros,1
Oficina,0
Cuidado de Niños,7
Subastas de Autos,0
Carros Ford en Venta,6
Carros Toyota en Venta,7
Carros Honda en Venta,3
Dealers de Autos,0
Mayoreo,49
Muebles de Casa,4
Electrodomésticos,1
Joyas,1
Ropa,35
Seguros de Auto,0
Seguros de Casa,0
Seguros de Vida,0
Seguros de Salud,0
Seguros de Motocicleta,0
Inglés y ESL,0
Cosmetología,0
High School GED,0
Escuelas Técnicas,0
Clases por Internet,1
Préstamos Personales,39
Préstamos para Casas,0
Modificación de Préstamos,0
Préstamos para Negocios,3
Refinanciamientos,0
Decoraciones,0
Jumpers y Brincolines,7
Vestidos y Tux,2
Salones de Fiestas,0
Entretenimiento,0
Abogados de Inmigración,1
Abogados Casos Criminales,0
Desalojos,0
Abogados de Accidentes,0
Bancarrota,0
Casas,2
Casas Móviles,0
Apartamentos,38
Cuartos,0
Compartir Cuartos,0
"Satélite, Cable y Dish",11
Celulares,3
Servicio de Internet,0
Teléfonos,2
Sistemas de Seguridad,1
Venta de Casas,1
Casas Reposeidas,0
Venta de Casas Móviles,1
Agentes de Bienes Raices,0
Venta de Terrenos,0
Servicios de Limpieza,0
Alfombras y Pisos Venta e instalacion,0
Construcción y Remodelaciones,2
Electricidad,1
Mudanzas,1
