Autos y Carros Nuevos y Usados,48
Compra y Venta General,62
Mascotas y Perros,21
Empleos y Trabajos,35
Abogados y Servicios Legales,10
Rentas y Alquileres,260
"Fiestas, Quinceañeras y Bodas",13
Préstamos,15
Casas de Venta,0
Belleza,5
Seguros,1
Telecom y Equipo Digital,11
Chevrolet Dealer,4
Toyota,3
Ford Dealer,10
Honda Dealer,0
Subastas de Autos,0
Mayoreo,34
Ropa,24
Electrodomésticos,0
Muebles para Niños,0
Compro Oro,0
Perritos y Cachorros,18
Adopción de Animales,0
Pájaros y Otras Aves,0
Caballos,0
Veterinarios,3
Choferes y Troqueros,0
Limpieza,1
Meseros y Cocineros,0
Oficina,0
Trabajos en Hoteles,0
Abogados de Accidentes,2
Abogados Casos Criminales,0
Desalojos,0
Abogados de Inmigración,1
Bancarrota,0
Casas,0
Apartamentos,260
Cuartos,0
Casas Móviles,0
Townhouse-Condominos,0
Decoraciones,1
Invitaciones,1
Jumpers y Brincolines,3
Recuerdos,1
Fotos y Video,1
Préstamos Personales,13
Préstamos para Negocios,1
Refinanciamientos,0
Préstamos para Casas,0
Préstamos para Autos,0
Venta de Casas,0
Casas Reposeidas,0
Agentes de Bienes Raices,0
Venta de Terrenos,0
Inspectores de Casas,0
Cómo Bajar de Peso,2
Maquillaje Permanente,0
Uñas Acrílicas,0
Productos de Belleza,0
Cirugía Plástica,0
Seguros de Auto,0
Seguros de Salud,0
Seguros de Casa,0
Seguros de Motocicleta,0
Seguros de Vida,0
Celulares,2
"Satélite, Cable y Dish",6
Servicio de Internet,0
Teléfonos,1
Sistemas de Seguridad,0
