Autos y Carros Nuevos y Usados,216
Empleos y Trabajos,82
Mascotas y Perros,36
Rentas y Alquileres,228
Casas de Venta,9
Telecom y Equipo Digital,16
Compra y Venta General,59
Préstamos,14
Abogados y Servicios Legales,10
Seguros,4
"Fiestas, Quinceañeras y Bodas",10
Belleza,18
Ford,1
Honda,2
Chevrolet,1
Toyota,3
Donaciones de Autos,0
Limpieza,12
Choferes y Troqueros,0
Cuidado de Niños,4
Oficina,1
Meseros y Cocineros,2
Perritos y Cachorros,31
Adopción de Animales,1
Caballos,0
Pájaros y Otras Aves,0
Veterinarios,2
Casas,2
Apartamentos,212
Cuartos,7
Townhouse-Condominos,0
Casas Móviles,0
Venta de Casas,6
Casas Reposeidas,1
Venta de Apartamentos,0
Agentes,1
Venta de Terrenos,0
"Satélite, Cable y Dish",10
Celulares,2
Servicio de Internet,0
Computadoras,0
Sistemas de Seguridad,0
Mayoreo,51
Ropa,7
Electrodomésticos,0
Joyas,0
Colchones,0
Préstamos Personales,12
Préstamos para Negocios,0
Modificación de Préstamos,0
Préstamos para Casas,1
Refinanciamientos,0
Abogados de Inmigración,3
Abogados de Accidentes,0
Desalojos,0
Abogados Casos Criminales,0
Bancarrota,0
Seguros de Auto,0
Seguros de Vida,1
Seguros de Salud,0
Seguros de Motocicleta,0
Seguros de Casa,0
Decoraciones,0
Jumpers,4
Salones de Fiestas,0
Fotos y Video,1
Comida,1
Cómo Bajar de Peso,1
Productos de Belleza,2
Salones de Belleza,3
Maquillaje Permanente,0
Cirugía Plástica,8
