Empleos y Trabajos,220
Autos y Carros Nuevos y Usados,140
Compra y Venta General,198
Rentas y Alquileres,366
Telecom y Servicio Digital,62
Mascotas y Perros,77
"Fiestas, Quinceañeras y Bodas",72
Préstamos,80
Belleza,21
Seguros,5
"Educación, Cursos y Clases",12
Abogados y Servicios Legales,10
Limpieza,22
Choferes y Troqueros,2
Meseros y Cocineros,6
Oficina,1
Cuidado de Niños,10
Honda,27
Ford,9
Toyota,5
Chevrolet,4
Subastas de Autos,0
Ropa,49
Mayoreo,123
Fórmula de Bebe,2
Joyas,0
Compro Oro,0
Apartamentos,359
Casas,1
Cuartos,4
Townhouse-Condominos,0
Oficinas Para Aquilar,0
"Satélite, Cable y Dish",36
Teléfonos,4
Servicio de Internet,6
Celulares,7
Sistemas de Seguridad,1
Perritos y Cachorros,68
Adopción de Animales,1
Pájaros y Otras Aves,2
Caballos,0
Veterinarios,4
Jumpers,12
Decoraciones,8
Fotos y Video,12
Vestidos y Tux,2
Limosinas,0
Préstamos Personales,71
Préstamos para Casas,1
Préstamos para Negocios,3
Refinanciamientos,1
Modificación de Préstamos,0
Cómo Bajar de Peso,7
Productos de Belleza,3
Maquillaje Permanente,1
Uñas Acrílicas,0
Cirugía Plástica,1
Seguros de Auto,2
Seguros de Casa,0
Seguros de Vida,0
Seguros de Salud,0
Seguros de Rentas,0
Inglés y ESL,3
Clases por Internet,1
Career Colleges,0
Computación,1
Escuelas Técnicas,0
Abogados de Inmigración,0
Abogados de Accidentes,0
Abogados Casos Criminales,3
Desalojos,0
Abogado para Inquilinos,0
