Empleos y Trabajos,274
Abogados y Servicios Legales,15
Autos y Carros Nuevos y Usados,8322
Compra y Venta General,89
Casas de Venta,5
Rentas y Alquileres,628
"Fiestas, Quinceañeras y Bodas",29
Belleza,28
Servicios del Hogar,52
Seguros,8
"Educación, Cursos y Clases",5
Telecom y Equipo Digital,28
Limpieza,52
Choferes y Troqueros,19
Oficina,0
Meseros y Cocineros,14
Asistentes Médicos,1
Abogados de Accidentes,1
Abogados de Seguro Social,6
Abogados de Inmigración,0
Abogados Casos Criminales,3
Abogados de Casos Civiles,1
Carros y camionetas Ford,18
Carros y Vans Dodge,7
Donaciones de Autos,0
Subastas de Autos,0
Concesionarios de Carros Cheverolet,1461
Mayoreo,33
Joyas,0
Fórmula de Bebe,1
Electrodomésticos,5
Colchones,0
Venta de Casas,3
Casas Reposeidas,0
Agentes,0
Venta de Casas Móviles,2
Venta de Terrenos,0
Apartamentos,614
Casas,3
Townhouse-Condominos,0
Cuartos,6
Casas Móviles,0
Jumpers,5
Decoraciones,1
Fotos y Video,2
Peinados y Maquillaje,1
Florerías,0
Cómo Bajar de Peso,4
Productos de Belleza,14
Uñas Acrílicas,0
Maquillaje Permanente,1
Cirugía Plástica,0
Servicios de Limpieza,12
Construcción y Remodelacion,6
Electricidad,8
Plomería,2
Aire Acondicionado,1
Seguros de Auto,2
Seguros de Casa,0
Seguros de Salud,1
Seguros de Vida,1
Seguros de Rentas,0
Escuelas Técnicas,1
Inglés y ESL,0
Clases por Internet,1
Cosmetología,0
High School GED,1
"Satélite, Cable y Dish",13
Sistemas de Seguridad,0
Celulares,0
Teléfonos,4
Servicio de Internet,2
