Empleos,196
Rentas Y Alquileres,816
Compra y Venta General,236
Abogados y Servicios Legales,13
Autos Nuevos Y Usados,68
"Fiestas, Quinceañeras y Bodas",18
"Educación, Cursos y Clases",15
Telecom y Equipo Digital,25
Servicios del Hogar,33
Casas de Venta,4
Belleza,12
Servicio Automotriz,19
Carpinteros y Construcción,17
Choferes y Troqueros,10
Cuidado de Niños,5
Gerentes y Supervisores,3
Limpieza,24
Apartamentos,803
Casas Para Alquilar,6
Cuarto Para Alquilar,2
"Edificios, Piso, Oficina",0
Townhouse-Condo,3
Mayoreo,151
Compro Oro,0
Cosas Gratis o Intercambio,0
Muebles de Casa,0
Ropa en Venta,61
Abogados de Inmigración,1
Abogados Casos Criminales,0
Abogados de Accidentes,1
Desalojos,0
Abogados de Seguro social,6
Consecionarios de Autos,1
Chevrolet,2
Ford,4
Honda,17
Subastas de Autos,0
Salones Para Fiestas,0
Comida Para Fiestas,1
Brincolines para Fiestas,7
Limosinas,0
Vestidos y Tux,0
Inglés y ESL,1
Clases de Masaje,0
High School GED,0
Clases por Internet,6
Computación,0
Celulares y Smart Phones,4
Computadoras,2
"Satélite, Cable y Dish",12
Sistemas de Seguridad,1
Servicio de Internet,1
Plomería,3
Fumigación,0
Servicios de Limpieza,5
Aire Acondicionado,0
Mudanzas,0
Venta de Casas,1
Venta de Terrenos,1
Venta de Casas Móviles,0
Servicios de Termitas,0
Casas en Foreclosure,0
Cirugía Plástica,0
Productos de Belleza,4
Productos para Bajar Peso,3
Spas y Faciales,0
Uñas Acrílicas,0
Autos Para Junk,1
Legalización de Autos a México,13
Reparación de Autos,2
Transmisiones,0
Grúas de Auto,0
